original_path,output_path,articleurl,status
index.html,index.html,no,merged
index3.html,index3.html,no,merged
slides.html,slides.html,no,merged
template.html,template.html,no,merged
content\dataknobs-capabilities.html,content\dataknobs-capabilities.html,yes,merged
content\kreate-kontrols-abexperiment-knobs.html,content\kreate-kontrols-abexperiment-knobs.html,no,merged
content\orthogonal-dials-info.html,content\orthogonal-dials-info.html,no,merged
content\orthogonal-dials.html,content\orthogonal-dials.html,no,merged
content\orthogonality-in-ai-ml.html,content\orthogonality-in-ai-ml.html,no,merged
content\about-dataknobs\about-dataknobs-page.html,content\about-dataknobs\about-dataknobs-page.html,no,merged
content\about-dataknobs\workshop.html,content\about-dataknobs\workshop.html,yes,merged
content\agent-ai\agent-ai\agent-ai-use-cases\ai-agent-use-cases-factors.html,content\agent-ai\agent-ai\agent-ai-use-cases\agentic-enterprise-framework-autonomous-ai.html,yes,merged
content\agent-ai\enterprise\agent-ai-governance-framework-2.html,content\agent-ai\enterprise\agent-ai-governance-framework-2.html,no,merged
content\agent-ai\enterprise\agent-ai-security-concerns.html,content\agent-ai\enterprise\agent-ai-security-concerns.html,no,merged
content\agent-ai\enterprise\agenti-ai-ethical-concerns.html,content\agent-ai\enterprise\agenti-ai-ethical-concerns.html,no,merged
content\agent-ai\enterprise\agentic-ai-gtm.html,content\agent-ai\enterprise\agentic-ai-gtm.html,no,merged
content\agent-ai\guide\8-core-principles-of-research-ai-agents.html,content\agent-ai\guide\8-core-principles-of-research-ai-agents.html,no,merged
content\agent-ai\guide\agent-ai-evolution.html,content\agent-ai\guide\agent-ai-evolution.html,no,merged
content\agent-ai\guide\agent-ai-slides-main.html,content\agent-ai\guide\agent-ai-slides-main.html,yes,merged
content\agent-ai\guide\agentic-ai-2024-2025.html,content\agent-ai\guide\agentic-ai-2024-2025.html,no,merged
content\agent-ai\guide\agentic-ai-adoption-framework.html,content\agent-ai\guide\agentic-ai-adoption-framework.html,no,merged
content\agent-ai\guide\agentic-ai-challenges.html,content\agent-ai\guide\agentic-ai-challenges.html,no,merged
content\agent-ai\guide\agentic-ai-slides.html,content\agent-ai\guide\agentic-ai-slides.html,no,merged
content\agent-ai\guide\agentic-ai-vs-ai-agent.html,content\agent-ai\guide\agentic-ai-shift-autonomous-systems.html,yes,merged
content\agent-ai\guide\agentic-ai.html,content\agent-ai\guide\agentic-ai.html,no,merged
content\agent-ai\guide\when-to-use-ai-agent-info.html,content\agent-ai\guide\when-to-use-ai-agent-info.html,no,merged
content\agent-ai\guide\when-to-use-ai-agent.html,content\agent-ai\guide\ai-agent-suitability-framework-guide.html,yes,merged
content\agent-ai\guide\agent-to-agent\1-intro-agent-to-agent-slides.html,content\agent-ai\guide\agent-to-agent\1-intro-agent-to-agent-slides.html,no,merged
content\agent-ai\guide\agent-to-agent\1-intro-Agent-toAgent.html,content\agent-ai\guide\agent-to-agent\1-intro-Agent-toAgent.html,no,merged
content\agent-ai\guide\agent-to-agent\a2a-slides.html,content\agent-ai\guide\agent-to-agent\a2a-slides.html,no,merged
content\agent-ai\guide\architecture\agentic-ai-archtypes.html,content\agent-ai\guide\architecture\index.html,yes,merged
content\agent-ai\guide\architecture\agentic-ai-challenges-solutions.html,content\agent-ai\guide\architecture\agentic-ai-challenges-solutions.html,no,merged
content\agent-ai\guide\architecture\agentic-ai-design-pattern.html,content\agent-ai\guide\architecture\agentic-design-patterns-guide.html,yes,merged
content\agent-ai\guide\architecture\agentic-ai-design-patterns.html,content\agent-ai\guide\architecture\agentic-ai-design-patterns.html,no,merged
content\agent-ai\guide\architecture\agentic-ai-pillars.html,content\agent-ai\guide\architecture\pillars-of-agentic-ai-frameworks-applications.html,yes,merged
content\agent-ai\guide\architecture\ai-agent-building-with-langchain.html,content\agent-ai\guide\architecture\ai-agent-building-with-langchain.html,no,merged
content\agent-ai\guide\architecture\ai-agent-decision-framwork-2.html,content\agent-ai\guide\architecture\ai-agent-decision-framework-guide.html,yes,merged
content\agent-ai\guide\architecture\approach-to-building-scaling-agentic-ai.html,content\agent-ai\guide\architecture\agentic-enterprise-strategic-roadmap.html,yes,merged
content\agent-ai\guide\architecture\building-ai-agent-with-langchain-info.html,content\agent-ai\guide\architecture\building-ai-agent-with-langchain-info.html,no,merged
content\agent-ai\guide\architecture\pillars-of-agentic-ai.html,content\agent-ai\guide\architecture\pillars-of-agentic-ai.html,no,merged
content\agent-ai\guide\opportunity\agentic-ai-revolution.html,content\agent-ai\guide\opportunity\index.html,yes,merged
content\agent-ai\guide\privacy\agentic-ai-privacy.html,content\agent-ai\guide\privacy\index.html,yes,merged
content\agent-ai\guide\slides\agentic-ai-slides.html,content\agent-ai\guide\slides\index.html,yes,merged
content\agent-ai\info\agent-ai-complaint-management-info.html,content\agent-ai\info\agent-ai-complaint-management-info.html,no,merged
content\agent-ai\info\agent-ai-design-pattern-info.html,content\agent-ai\info\agent-ai-design-pattern-info.html,no,merged
content\agent-ai\info\agentic-ai-2024-2025-info.html,content\agent-ai\info\agentic-ai-2024-2025-info.html,no,merged
content\agent-ai\info\agentic-ai-pillars-info.html,content\agent-ai\info\agentic-ai-pillars-info.html,no,merged
content\agent-ai\info\agentic-ai-startups-info.html,content\agent-ai\info\agentic-ai-startups-info.html,no,merged
content\agent-ai\info\agentic-ali-challenges-info.html,content\agent-ai\info\agentic-ali-challenges-info.html,no,merged
content\agent-ai\info\ai-agent-project-lifecycle-info.html,content\agent-ai\info\ai-agent-project-lifecycle-info.html,no,merged
content\agent-ai\info\approach-to-build-agentic-ai-info-2.html,content\agent-ai\info\approach-to-build-agentic-ai-info-2.html,no,merged
content\agent-ai\info\autonomous-ai-agents-info.html,content\agent-ai\info\autonomous-ai-agents-info.html,no,merged
content\agent-ai\info\building-ai-agent-with-langchain-info.html,content\agent-ai\info\building-ai-agent-with-langchain-info.html,no,merged
content\agent-ai\info\when-to-use-ai-agent-info.html,content\agent-ai\info\when-to-use-ai-agent-info.html,no,merged
content\agent-ai\life-cycle\index.html,content\agent-ai\life-cycle\index.html,no,merged
content\agent-ai\mcp\1-mcp-overview.html,content\agent-ai\mcp\1-mcp-overview.html,no,merged
content\agent-ai\mcp\10-monitoring-logging-observability-mcp-servers.html,content\agent-ai\mcp\10-monitoring-logging-observability-mcp-servers.html,no,merged
content\agent-ai\mcp\11-security-risks-in-mcp.html,content\agent-ai\mcp\11-security-risks-in-mcp.html,no,merged
content\agent-ai\mcp\12-mcp-guardian.html,content\agent-ai\mcp\12-mcp-guardian.html,no,merged
content\agent-ai\mcp\13-governance-and-compliance-inmulti-agent-mcp-system.html,content\agent-ai\mcp\13-governance-and-compliance-inmulti-agent-mcp-system.html,no,merged
content\agent-ai\mcp\14-handling-malacious-mcp-servers.html,content\agent-ai\mcp\14-handling-malacious-mcp-servers.html,no,merged
content\agent-ai\mcp\15-agentic-ai-mcp-use-cases-for-enterprise-integration.html,content\agent-ai\mcp\15-agentic-ai-mcp-use-cases-for-enterprise-integration.html,no,merged
content\agent-ai\mcp\16-colloborative-intelligence.html,content\agent-ai\mcp\16-colloborative-intelligence.html,no,merged
content\agent-ai\mcp\17-benchmarking-mcp-server.html,content\agent-ai\mcp\17-benchmarking-mcp-server.html,no,merged
content\agent-ai\mcp\18-migrating-legacy-tools-integrations-to-mcp.html,content\agent-ai\mcp\18-migrating-legacy-tools-integrations-to-mcp.html,no,merged
content\agent-ai\mcp\19-agentic-web.html,content\agent-ai\mcp\19-agentic-web.html,no,merged
content\agent-ai\mcp\2-mcp-server-architecture.html,content\agent-ai\mcp\2-mcp-server-architecture.html,no,merged
content\agent-ai\mcp\20-research-frontier-mcp.html,content\agent-ai\mcp\20-research-frontier-mcp.html,no,merged
content\agent-ai\mcp\3-exposing-agent-as-mcp-server.html,content\agent-ai\mcp\3-exposing-agent-as-mcp-server.html,no,merged
content\agent-ai\mcp\4-integrating-mp-a2a.html,content\agent-ai\mcp\4-integrating-mp-a2a.html,no,merged
content\agent-ai\mcp\5-designing-agentic-mesh-with-multiple-mcp-servers.html,content\agent-ai\mcp\5-designing-agentic-mesh-with-multiple-mcp-servers.html,no,merged
content\agent-ai\mcp\6-tutorial-building-mcp-server.html,content\agent-ai\mcp\6-tutorial-building-mcp-server.html,no,merged
content\agent-ai\mcp\7-deploy-mcp-server-in-cloud.html,content\agent-ai\mcp\7-deploy-mcp-server-in-cloud.html,no,merged
content\agent-ai\mcp\8-mcp-on-azure.html,content\agent-ai\mcp\8-mcp-on-azure.html,no,merged
content\agent-ai\mcp\9-extendng-mcp-for-domain-specific-applications.html,content\agent-ai\mcp\9-extendng-mcp-for-domain-specific-applications.html,no,merged
content\agent-ai\mcp\index.html,content\agent-ai\mcp\index.html,no,merged
content\agent-ai\mcp\main-mcp-tutorial-advance-topics.html,content\agent-ai\mcp\main-mcp-tutorial-advance-topics.html,no,merged
content\agent-ai\multi-agent\built-multi-agent-system-with-low-code.html,content\agent-ai\multi-agent\built-multi-agent-system-with-low-code.html,no,merged
content\agent-ai\multi-agent\multi-agent-ai-in-finance.html,content\agent-ai\multi-agent\multi-agent-ai-systems-finance-guide.html,yes,merged
content\agent-ai\multi-agent\multi-agent-ai.html,content\agent-ai\multi-agent\multi-agent-ai.html,no,merged
content\agent-ai\multi-agent\multi-agent-for-customer-support.html,content\agent-ai\multi-agent\multi-agent-for-customer-support.html,no,merged
content\agent-ai\multi-agent\multi-agent-report.html,content\agent-ai\multi-agent\multi-agent-report.html,no,merged
content\agent-ai\roi\ai-agent-market-trend-north-america.html,content\agent-ai\roi\ai-agents-financial-services-trends-use-cases.html,yes,merged
content\agent-ai\roi\ai-agent-vs-human-labor-market-size-roi.html,content\agent-ai\roi\ai-agents-vs-human-labor-market-costs-adoption.html,yes,merged
content\agent-ai\testing\testing-ai-agents.html,content\agent-ai\testing\testing-ai-agents.html,yes,merged
content\agent-ai\testing\testing-ai-chatbot-in-ecommerce.html,content\agent-ai\testing\testing-ai-chatbot-in-ecommerce.html,yes,merged
content\agent-ai\testing\testing-ai-web-applications.html,content\agent-ai\testing\testing-ai-web-applications.html,yes,merged
content\agent-ai\testing\testing-autonomous-agents.html,content\agent-ai\testing\testing-autonomous-agents.html,yes,merged
content\agent-ai\testing\testing-index.html,content\agent-ai\testing\index.html,yes,merged
content\agent-ai\use-cases\agent-ai-complaint-management-info.html,content\agent-ai\use-cases\agent-ai-complaint-management-info.html,no,merged
content\agent-ai\use-cases\agentic-ai-in-ecommerce.html,content\agent-ai\use-cases\agentic-ai-in-ecommerce.html,no,merged
content\agent-ai\use-cases\ai-agent-for-tax-correct.html,content\agent-ai\use-cases\ai-agent-for-tax-correct.html,no,merged
content\agent-ai\use-cases\ai-in-finance-service.html,content\agent-ai\use-cases\ai-in-finance-service.html,no,merged
content\agent-ai\use-cases\build-ai-customer-support-agent.html,content\agent-ai\use-cases\build-production-grade-ai-support-agent.html,yes,merged
content\agent-ai\use-cases\clinical-lab-compliance-with-ai-research.html,content\agent-ai\use-cases\clinical-lab-compliance-with-ai-research.html,no,merged
content\agent-ai\use-cases\llm-for-complaint-mgmt.html,content\agent-ai\use-cases\llm-for-complaint-mgmt.html,no,merged
content\agent-ai\use-cases\supply-chain-ai-infographics.html,content\agent-ai\use-cases\supply-chain-ai-infographics.html,no,merged
content\agent-ai\use-cases\cyber-security\agent-ai-cyber-security.html,content\agent-ai\use-cases\cyber-security\agentic-ai-in-cybersecurity.html,yes,merged
content\agent-ai\use-cases\google-analytics\ai-agent-google-analytics.html,content\agent-ai\use-cases\google-analytics\ai-agent-google-analytics.html,no,merged
content\agent-ai\use-cases\supply-chain\agent-ai-in-supply-chain.html,content\agent-ai\use-cases\supply-chain\agent-ai-in-supply-chain.html,no,merged
content\agent-ai\use-cases\supply-chain\agentic-ai-in-production-plnanning-inventory-management-info.html,content\agent-ai\use-cases\supply-chain\agentic-ai-in-production-plnanning-inventory-management-info.html,no,merged
content\agent-ai\use-cases\supply-chain\agentic-ai-in-production-plnanning-inventory-management.html,content\agent-ai\use-cases\supply-chain\agentic-ai-in-production-plnanning-inventory-management.html,no,merged
content\agent-ai\use-cases\supply-chain\agentic-ai-production-planning-inventory.html,content\agent-ai\use-cases\supply-chain\agentic-ai-production-planning-inventory.html,no,merged
content\agent-ai\use-cases\supply-chain\main-ai-agent-suply-chain.html,content\agent-ai\use-cases\supply-chain\main-ai-agent-suply-chain.html,no,merged
content\agent-ai\use-cases\supply-chain\resilient-supply-chain-info.html,content\agent-ai\use-cases\supply-chain\resilient-supply-chain-strategies.html,yes,merged
content\agent-ai\use-cases\supply-chain\supply-chain-privacy-preserving-info.html,content\agent-ai\use-cases\supply-chain\privacy-preserving-supply-chains-infographic.html,yes,merged
content\agent-ai\use-cases\supply-chain\supply-chain-privacy-preserving.html,content\agent-ai\use-cases\supply-chain\privacy-preserving-supply-chains-guide.html,yes,merged
content\ai\architecture\anti-pattern-architecture.html,content\ai\architecture\resilient-ai-ml-anti-patterns-best-practices.html,yes,merged
content\ai\architecture\index.html,content\ai\architecture\index.html,no,merged
content\ai\evaluation\ai-evaluation-explorer-info.html,content\ai\evaluation\ai-evaluation-benchmarks-tools-frameworks.html,yes,merged
content\ai\evaluation\ai-evaluation-explorer.html,content\ai\evaluation\index.html,yes,merged
content\ai-assistants\ai-assistant-for-legal-will.html,content\ai-assistants\ai-assistant-for-legal-will.html,no,merged
content\ai-assistants\ai-assistant-for-retirement-planning.html,content\ai-assistants\ai-assistant-for-retirement-planning.html,no,merged
content\ai-assistants\ai-assistant-for-tax-research.html,content\ai-assistants\ai-assistant-for-tax-research.html,no,merged
content\ai-assistants\ai-assistant-market-size.html,content\ai-assistants\ai-assistant-market-size.html,no,merged
content\ai-assistants\ai-assistant-market.html,content\ai-assistants\ai-assistant-market.html,no,merged
content\ai-assistants\ai-legal-co-pilot.html,content\ai-assistants\ai-legal-co-pilot.html,no,merged
content\blog\generative-engine-optimizatin-info.html,content\blog\generative-engine-optimizatin-info.html,no,merged
content\blog\ab-testing\1-field-experiment-overview.html,content\blog\ab-testing\1-field-experiment-overview.html,no,merged
content\blog\ab-testing\1-field-experiment.html,content\blog\ab-testing\1-field-experiment.html,no,merged
content\blog\ab-testing\10-hte-info.html,content\blog\ab-testing\10-hte-info.html,no,merged
content\blog\ab-testing\10-hte-main.html,content\blog\ab-testing\10-hte-main.html,no,merged
content\blog\ab-testing\2-causal-inference-and-experiments-summary.html,content\blog\ab-testing\2-causal-inference-and-experiments-summary.html,no,merged
content\blog\ab-testing\2-causal-inference-and-experiments.html,content\blog\ab-testing\2-causal-inference-and-experiments.html,no,merged
content\blog\ab-testing\3-hypothesis-testing-summary.html,content\blog\ab-testing\3-hypothesis-testing-summary.html,no,merged
content\blog\ab-testing\3-hypthesis-testing.html,content\blog\ab-testing\3-hypthesis-testing.html,no,merged
content\blog\ab-testing\4-analyst-guide-cause-and-effect.html,content\blog\ab-testing\4-analyst-guide-cause-and-effect.html,no,merged
content\blog\ab-testing\4-covariates.html,content\blog\ab-testing\4-covariates.html,no,merged
content\blog\ab-testing\5-one-sided-compliance.html,content\blog\ab-testing\5-one-sided-compliance.html,no,merged
content\blog\ab-testing\6-two-sided-non-compliance.html,content\blog\ab-testing\6-two-sided-non-compliance.html,no,merged
content\blog\ab-testing\7-attrition.html,content\blog\ab-testing\7-attrition.html,no,merged
content\blog\ab-testing\8-mediation-info.html,content\blog\ab-testing\8-mediation-info.html,no,merged
content\blog\ab-testing\8-mediation.html,content\blog\ab-testing\8-mediation.html,no,merged
content\blog\ab-testing\9-spillover-basics.html,content\blog\ab-testing\9-spillover-basics.html,no,merged
content\blog\ab-testing\9-spillover.html,content\blog\ab-testing\9-spillover.html,no,merged
content\blog\ab-testing\abtesting-ecommerce-info-white.html,content\blog\ab-testing\abtesting-ecommerce-info-white.html,no,merged
content\blog\ab-testing\abtesting-ecommerce.html,content\blog\ab-testing\abtesting-ecommerce.html,no,merged
content\blog\document-intelligence\architecting-document-intellgence-info-2.html,content\blog\document-intelligence\architecting-document-intellgence-info-2.html,yes,merged
content\blog\document-intelligence\index.html,content\blog\document-intelligence\index.html,no,merged
content\blog\genai\index.html,content\blog\genai\index.html,no,merged
content\blog\stocks\option-data-providers.html,content\blog\stocks\option-data-providers.html,no,merged
content\customers\approach-to-customer-delivery.html,content\customers\approach-to-customer-delivery.html,no,merged
content\customers\dataknobs-philosophy-for-c-suite.html,content\customers\dataknobs-philosophy-for-c-suite.html,no,merged
content\customers\index.html,content\customers\index.html,no,merged
content\data-centric-ai\architect-data-sets.html,content\data-centric-ai\architect-data-sets.html,yes,merged
content\data-centric-ai\architect-dataset-summary.html,content\data-centric-ai\architect-dataset-summary.html,yes,merged
content\data-centric-ai\data-centric-ai-playbook.html,content\data-centric-ai\data-centric-ai-playbook.html,yes,merged
content\data-centric-ai\data-centric-playbook-info.html,content\data-centric-ai\data-centric-playbook-info.html,yes,merged
content\data-centric-ai\optimal-transport-summary-2.html,content\data-centric-ai\optimal-transport-summary-2.html,yes,merged
content\data-centric-ai\optimal-transport-summary.html,content\data-centric-ai\optimal-transport-summary.html,yes,merged
content\data-centric-ai\optimal-transport.html,content\data-centric-ai\optimal-transport.html,yes,merged
content\data-centric-ai\weak-supervision-summary.html,content\data-centric-ai\weak-supervision-summary.html,yes,merged
content\data-centric-ai\weak-supervision.html,content\data-centric-ai\weak-supervision.html,yes,merged
content\data-governance\data-lineage-ai-assitant.html,content\data-governance\data-lineage-ai-assitant.html,no,merged
content\data-governance\privacy-ai-assistant.html,content\data-governance\privacy-ai-assistant.html,no,merged
content\data-governance\Robotics-ai-compliance-navigator.html,content\data-governance\robotics-ai-compliance-guide.html,yes,merged
content\data-products\data-signals-for-travel.html,content\data-products\global-travel-risk-dashboard-insights.html,yes,merged
content\data-products\dataproduct-vs-data-as-product.html,content\data-products\data-product-vs-data-as-a-product.html,yes,merged
content\data-products\iot\edge-computing-summary.html,content\data-products\iot\edge-computing-summary.html,no,merged
content\data-products\iot\edge-computing.html,content\data-products\iot\edge-computing.html,no,merged
content\data-products\signals\data-signals-for-travel.html,content\data-products\signals\global-travel-risk-dashboard-insights.html,yes,merged
content\fractional-cto-ai\prashant-fractional-cto-cai.html,content\fractional-cto-ai\prashant-fractional-cto-cai.html,no,merged
content\fractional-cto-ai\prashant-fractional-cto-info.html,content\fractional-cto-ai\prashant-dhingra-profile-cai.html,yes,merged
content\generativeai\why-business-fail-to -use-genai-case-study.html,content\generativeai\why-genai-fails-in-enterprises-lessons-solutions.html,yes,merged
content\generativeai\1-applications\demand-sensing\demand-sensing-with-ai.html,content\generativeai\1-applications\demand-sensing\demand-sensing-with-ai.html,no,merged
content\generativeai\10-llms\enterprise-ai-llm-fintuning.html,content\generativeai\10-llms\enterprise-foundation-model-fine-tuning-guide.html,yes,merged
content\generativeai\10-llms\enterprise-foundation-model.html,content\generativeai\10-llms\enterprise-foundation-model-strategy-guide.html,yes,merged
content\generativeai\10-llms\finetuning-llm-fo-stock-analysis.html,content\generativeai\10-llms\fine-tuning-llms-stock-analysis-guide.html,yes,merged
content\generativeai\10-llms\llm-journey-levels.html,content\generativeai\10-llms\evolution-of-llms-8-stages-ai-advancement.html,yes,merged
content\generativeai\10-llms\slm-vs-llm.html,content\generativeai\10-llms\slm-vs-llm.html,no,merged
content\generativeai\10-llms\evaluation\evaluating-llms.html,content\generativeai\10-llms\evaluation\evaluating-llms.html,no,merged
content\generativeai\10-llms\evaluation\llm-evaluation-play-book.html,content\generativeai\10-llms\evaluation\llm-evaluation-play-book.html,no,merged
content\generativeai\10-llms\rag\evolution-of-rag-info.html,content\generativeai\10-llms\rag\evolution-of-rag-info.html,no,merged
content\generativeai\10-llms\rag\evolution-of-rag.html,content\generativeai\10-llms\rag\evolution-of-rag.html,no,merged
content\generativeai\10-llms\rag\privacy-in-rag.html,content\generativeai\10-llms\rag\privacy-in-rag.html,no,merged
content\generativeai\10-llms\rag\privacy-rag-info.html,content\generativeai\10-llms\rag\privacy-rag-info.html,no,merged
content\generativeai\10-llms\rag\rag-pattern-guide-info.html,content\generativeai\10-llms\rag\rag-pattern-guide-info.html,no,merged
content\generativeai\10-llms\rag\rag-pattern-guide.html,content\generativeai\10-llms\rag\rag-pattern-guide.html,no,merged
content\generativeai\10-llms\rag\text-chunking-of-rag-info.html,content\generativeai\10-llms\rag\text-chunking-of-rag-info.html,no,merged
content\generativeai\10-llms\rag\text-chunkng-of-rag.html,content\generativeai\10-llms\rag\text-chunkng-of-rag.html,no,merged
content\generativeai\10-llms\training\reddit-for-llm-training.html,content\generativeai\10-llms\training\how-reddit-powers-ai-llm-data-guide.html,yes,merged
content\generativeai\11-prompt-engineering\prompt-engineering-info.html,content\generativeai\11-prompt-engineering\prompt-engineering-info.html,no,merged
content\generativeai\11-prompt-engineering\prompt-engineering.html,content\generativeai\11-prompt-engineering\index.html,yes,merged
content\generativeai\7-vendors\google-gemini\gemini-model-information.html,content\generativeai\7-vendors\google-gemini\gemini-model-information.html,no,merged
content\generativeai\7-vendors\openai-genai\openai-model-selection.html,content\generativeai\7-vendors\openai-genai\openai-model-selection.html,no,merged
content\generativeai\7-vendors\openai-genai\openai-models.html,content\generativeai\7-vendors\openai-genai\openai-models.html,no,merged
content\generativeai\7-vendors\others\retail-image-comparision-check.html,content\generativeai\7-vendors\others\retail-image-recognition-comparison.html,yes,merged
content\generativeai\course\course-genai-agent-summary.html,content\generativeai\course\course-genai-agent-summary.html,no,merged
content\partnership\index.html,content\partnership\index.html,no,merged
content\products\dataknobs-trio.html,content\products\index.html,yes,merged
content\products\knobs\abexperiment\abexperiment-analysis.html,content\products\knobs\abexperiment\abexperiment-ai-experimentation-analysis.html,yes,merged
content\products\knobs\abexperiment\abexperiment-platform-overview.html,content\products\knobs\abexperiment\abexperiment-unified-testing-platform.html,yes,merged
content\products\kreate\kreatebots\kreatebots-architecture.html,content\products\kreate\kreatebots\kreatebots-architecture.html,yes,merged
content\products\kreate\kreatewebsites\generative-engine-optimization.html,content\products\kreate\kreatewebsites\generative-engine-optimization.html,no,merged
content\products\kreate\kreatewebsites\kreatewebsites-analysis.html,content\products\kreate\kreatewebsites\index.html,yes,merged
content\products\kreate\kreatewebsites\kreatewebsites-positioning.html,content\products\kreate\kreatewebsites\kreatewebsites-positioning.html,no,merged
content\products\kreate\kreatewebsites\geo\seo-to-geo-guide.html,content\products\kreate\kreatewebsites\geo\seo-to-geo-guide-generative-engine-optimization.html,yes,merged
content\products\kreate\presentations\output.html,content\products\kreate\presentations\dataknobs-ai-solutions-kreate-kontrols.html,yes,merged
content\solutions\dataknobs-main-product-solution.html,content\solutions\dataknobs-main-product-solution.html,no,merged
content\solutions\index.html,content\solutions\index.html,no,merged
content\use-cases\agent-cricket-analysis.html,content\use-cases\agent-cricket-analysis.html,no,merged
content\use-cases\agent-earning-call-updated.html,content\use-cases\agent-earning-call-updated.html,no,merged
content\use-cases\dataknobs-kreate-kontrols-knobs-suite.html,content\use-cases\dataknobs-kreate-kontrols-knobs-suite.html,no,merged
content\use-cases\aiase-with-genai\aiase-summary.html,content\use-cases\aiase-with-genai\aiase-summary.html,no,merged
content\use-cases\aiase-with-genai\code-generation-tool.html,content\use-cases\aiase-with-genai\code-generation-tool.html,no,merged
content\use-cases\aiase-with-genai\code-generation-tools-comparison-summary-white.html,content\use-cases\aiase-with-genai\code-generation-tools-comparison-summary-white.html,no,merged
content\use-cases\aiase-with-genai\code-generation-tools-comparison-summary.html,content\use-cases\aiase-with-genai\code-generation-tools-comparison-summary.html,no,merged
content\use-cases\earnings-call\earning-call-analysis.html,content\use-cases\earnings-call\fine-tuning-llms-financial-documents.html,yes,merged
content\use-cases\earnings-call\earning-call-momentum-score-2.html,content\use-cases\earnings-call\llm-momentum-score-earnings-stock-prediction-guide.html,yes,merged
content\use-cases\examples\privacy-legislation-compliance-automation.html,content\use-cases\examples\privacy-legislation-compliance-automation.html,no,merged
content\use-cases\examples\tax-loss-hervesting.html,content\use-cases\examples\tax-loss-harvesting-strategies-2025.html,yes,merged
content\vector-database\embeddings\ai-embeddings-info.html,content\vector-database\embeddings\ai-embeddings-info.html,no,merged
content\vector-database\embeddings\ai-embeddings.html,content\vector-database\embeddings\ai-embeddings.html,no,merged
content\vector-database\vector-db-crud\vector-db-crud.html,content\vector-database\vector-db-crud\index.html,yes,merged
content\vector-database\vector-search\vector-search-comparison.html,content\vector-database\vector-search\vector-databases-compared-ai-applications.html,yes,merged
